Image Name,Prompt,User Interest,Stay Duration,Platform,Model Name
-29_13-52-11\TikTok1.jpeg13:52:24,"I am a Pet lover, and I am scrolling on TikTok to find Pet videos, based on this screenshot, please help me decide whether to stay on the video or not. Please include yes or no in your answer, just respond in one word. ",Pet,0,TikTok,GPT4
-29_13-53-22\TikTok1.jpeg13:53:36,"I am a Pet lover, and I am scrolling on TikTok to find Pet videos, based on this screenshot, please help me decide whether to stay on the video or not. Please include yes or no in your answer, just respond in one word. ",Pet,0,TikTok,gemini
-29_13-53-22\TikTok2.jpeg13:53:41,"I am a Pet lover, and I am scrolling on TikTok to find Pet videos, based on this screenshot, please help me decide whether to stay on the video or not. Please include yes or no in your answer, just respond in one word. ",Pet,0,TikTok,gemini
-29_13-53-22\TikTok3.jpeg13:53:50,"I am a Pet lover, and I am scrolling on TikTok to find Pet videos, based on this screenshot, please help me decide whether to stay on the video or not. Please include yes or no in your answer, just respond in one word. ",Pet,0,TikTok,gemini
-29_13-53-22\TikTok4.jpeg13:53:55,"I am a Pet lover, and I am scrolling on TikTok to find Pet videos, based on this screenshot, please help me decide whether to stay on the video or not. Please include yes or no in your answer, just respond in one word. ",Pet,0,TikTok,gemini
-29_13-53-22\TikTok5.jpeg13:54:29,"I am a Pet lover, and I am scrolling on TikTok to find Pet videos, based on this screenshot, please help me decide whether to stay on the video or not. Please include yes or no in your answer, just respond in one word. ",Pet,30,TikTok,gemini
-29_13-53-22\TikTok6.jpeg13:54:34,"I am a Pet lover, and I am scrolling on TikTok to find Pet videos, based on this screenshot, please help me decide whether to stay on the video or not. Please include yes or no in your answer, just respond in one word. ",Pet,0,TikTok,gemini
-29_13-53-22\TikTok7.jpeg13:54:39,"I am a Pet lover, and I am scrolling on TikTok to find Pet videos, based on this screenshot, please help me decide whether to stay on the video or not. Please include yes or no in your answer, just respond in one word. ",Pet,0,TikTok,gemini
-29_13-53-22\TikTok8.jpeg13:54:43,"I am a Pet lover, and I am scrolling on TikTok to find Pet videos, based on this screenshot, please help me decide whether to stay on the video or not. Please include yes or no in your answer, just respond in one word. ",Pet,0,TikTok,gemini
-29_13-53-22\TikTok9.jpeg13:54:48,"I am a Pet lover, and I am scrolling on TikTok to find Pet videos, based on this screenshot, please help me decide whether to stay on the video or not. Please include yes or no in your answer, just respond in one word. ",Pet,0,TikTok,gemini
-29_13-53-22\TikTok10.jpeg13:54:52,"I am a Pet lover, and I am scrolling on TikTok to find Pet videos, based on this screenshot, please help me decide whether to stay on the video or not. Please include yes or no in your answer, just respond in one word. ",Pet,0,TikTok,gemini
-29_13-53-22\TikTok11.jpeg13:54:57,"I am a Pet lover, and I am scrolling on TikTok to find Pet videos, based on this screenshot, please help me decide whether to stay on the video or not. Please include yes or no in your answer, just respond in one word. ",Pet,0,TikTok,gemini
-29_13-53-22\TikTok12.jpeg13:55:03,"I am a Pet lover, and I am scrolling on TikTok to find Pet videos, based on this screenshot, please help me decide whether to stay on the video or not. Please include yes or no in your answer, just respond in one word. ",Pet,0,TikTok,gemini
-29_13-53-22\TikTok13.jpeg13:55:37,"I am a Pet lover, and I am scrolling on TikTok to find Pet videos, based on this screenshot, please help me decide whether to stay on the video or not. Please include yes or no in your answer, just respond in one word. ",Pet,30,TikTok,gemini
-29_13-53-22\TikTok14.jpeg13:55:42,"I am a Pet lover, and I am scrolling on TikTok to find Pet videos, based on this screenshot, please help me decide whether to stay on the video or not. Please include yes or no in your answer, just respond in one word. ",Pet,0,TikTok,gemini
-29_13-53-22\TikTok15.jpeg13:56:17,"I am a Pet lover, and I am scrolling on TikTok to find Pet videos, based on this screenshot, please help me decide whether to stay on the video or not. Please include yes or no in your answer, just respond in one word. ",Pet,30,TikTok,gemini
-29_13-53-22\TikTok16.jpeg13:56:52,"I am a Pet lover, and I am scrolling on TikTok to find Pet videos, based on this screenshot, please help me decide whether to stay on the video or not. Please include yes or no in your answer, just respond in one word. ",Pet,30,TikTok,gemini
-29_13-53-22\TikTok17.jpeg13:56:56,"I am a Pet lover, and I am scrolling on TikTok to find Pet videos, based on this screenshot, please help me decide whether to stay on the video or not. Please include yes or no in your answer, just respond in one word. ",Pet,0,TikTok,gemini
-29_13-53-22\TikTok18.jpeg13:57:37,"I am a Pet lover, and I am scrolling on TikTok to find Pet videos, based on this screenshot, please help me decide whether to stay on the video or not. Please include yes or no in your answer, just respond in one word. ",Pet,30,TikTok,gemini
-29_13-53-22\TikTok19.jpeg13:57:41,"I am a Pet lover, and I am scrolling on TikTok to find Pet videos, based on this screenshot, please help me decide whether to stay on the video or not. Please include yes or no in your answer, just respond in one word. ",Pet,0,TikTok,gemini
-29_13-53-22\TikTok20.jpeg13:58:16,"I am a Pet lover, and I am scrolling on TikTok to find Pet videos, based on this screenshot, please help me decide whether to stay on the video or not. Please include yes or no in your answer, just respond in one word. ",Pet,30,TikTok,gemini
-29_13-53-22\TikTok21.jpeg13:58:20,"I am a Pet lover, and I am scrolling on TikTok to find Pet videos, based on this screenshot, please help me decide whether to stay on the video or not. Please include yes or no in your answer, just respond in one word. ",Pet,0,TikTok,gemini
-29_13-53-22\TikTok22.jpeg13:58:28,"I am a Pet lover, and I am scrolling on TikTok to find Pet videos, based on this screenshot, please help me decide whether to stay on the video or not. Please include yes or no in your answer, just respond in one word. ",Pet,0,TikTok,gemini
-29_13-53-22\TikTok23.jpeg13:59:03,"I am a Pet lover, and I am scrolling on TikTok to find Pet videos, based on this screenshot, please help me decide whether to stay on the video or not. Please include yes or no in your answer, just respond in one word. ",Pet,30,TikTok,gemini
-29_13-53-22\TikTok24.jpeg13:59:07,"I am a Pet lover, and I am scrolling on TikTok to find Pet videos, based on this screenshot, please help me decide whether to stay on the video or not. Please include yes or no in your answer, just respond in one word. ",Pet,0,TikTok,gemini
-29_13-53-22\TikTok25.jpeg13:59:19,"I am a Pet lover, and I am scrolling on TikTok to find Pet videos, based on this screenshot, please help me decide whether to stay on the video or not. Please include yes or no in your answer, just respond in one word. ",Pet,0,TikTok,gemini
-29_13-53-22\TikTok26.jpeg13:59:24,"I am a Pet lover, and I am scrolling on TikTok to find Pet videos, based on this screenshot, please help me decide whether to stay on the video or not. Please include yes or no in your answer, just respond in one word. ",Pet,0,TikTok,gemini
-29_13-53-22\TikTok27.jpeg13:59:30,"I am a Pet lover, and I am scrolling on TikTok to find Pet videos, based on this screenshot, please help me decide whether to stay on the video or not. Please include yes or no in your answer, just respond in one word. ",Pet,0,TikTok,gemini
-29_13-53-22\TikTok28.jpeg13:59:35,"I am a Pet lover, and I am scrolling on TikTok to find Pet videos, based on this screenshot, please help me decide whether to stay on the video or not. Please include yes or no in your answer, just respond in one word. ",Pet,0,TikTok,gemini
-29_13-53-22\TikTok29.jpeg13:59:40,"I am a Pet lover, and I am scrolling on TikTok to find Pet videos, based on this screenshot, please help me decide whether to stay on the video or not. Please include yes or no in your answer, just respond in one word. ",Pet,0,TikTok,gemini
-29_13-53-22\TikTok30.jpeg13:59:44,"I am a Pet lover, and I am scrolling on TikTok to find Pet videos, based on this screenshot, please help me decide whether to stay on the video or not. Please include yes or no in your answer, just respond in one word. ",Pet,0,TikTok,gemini
-29_13-53-22\TikTok31.jpeg13:59:52,"I am a Pet lover, and I am scrolling on TikTok to find Pet videos, based on this screenshot, please help me decide whether to stay on the video or not. Please include yes or no in your answer, just respond in one word. ",Pet,0,TikTok,gemini
-29_13-53-22\TikTok32.jpeg13:59:56,"I am a Pet lover, and I am scrolling on TikTok to find Pet videos, based on this screenshot, please help me decide whether to stay on the video or not. Please include yes or no in your answer, just respond in one word. ",Pet,0,TikTok,gemini
-29_13-53-22\TikTok33.jpeg14:00:31,"I am a Pet lover, and I am scrolling on TikTok to find Pet videos, based on this screenshot, please help me decide whether to stay on the video or not. Please include yes or no in your answer, just respond in one word. ",Pet,30,TikTok,gemini
-29_13-53-22\TikTok34.jpeg14:00:36,"I am a Pet lover, and I am scrolling on TikTok to find Pet videos, based on this screenshot, please help me decide whether to stay on the video or not. Please include yes or no in your answer, just respond in one word. ",Pet,0,TikTok,gemini
-29_13-53-22\TikTok35.jpeg14:00:41,"I am a Pet lover, and I am scrolling on TikTok to find Pet videos, based on this screenshot, please help me decide whether to stay on the video or not. Please include yes or no in your answer, just respond in one word. ",Pet,0,TikTok,gemini
-29_13-53-22\TikTok36.jpeg14:00:48,"I am a Pet lover, and I am scrolling on TikTok to find Pet videos, based on this screenshot, please help me decide whether to stay on the video or not. Please include yes or no in your answer, just respond in one word. ",Pet,0,TikTok,gemini
-29_13-53-22\TikTok37.jpeg14:00:53,"I am a Pet lover, and I am scrolling on TikTok to find Pet videos, based on this screenshot, please help me decide whether to stay on the video or not. Please include yes or no in your answer, just respond in one word. ",Pet,0,TikTok,gemini
-29_13-53-22\TikTok38.jpeg14:00:57,"I am a Pet lover, and I am scrolling on TikTok to find Pet videos, based on this screenshot, please help me decide whether to stay on the video or not. Please include yes or no in your answer, just respond in one word. ",Pet,0,TikTok,gemini
-29_13-53-22\TikTok39.jpeg14:01:02,"I am a Pet lover, and I am scrolling on TikTok to find Pet videos, based on this screenshot, please help me decide whether to stay on the video or not. Please include yes or no in your answer, just respond in one word. ",Pet,0,TikTok,gemini
-29_13-53-22\TikTok40.jpeg14:01:36,"I am a Pet lover, and I am scrolling on TikTok to find Pet videos, based on this screenshot, please help me decide whether to stay on the video or not. Please include yes or no in your answer, just respond in one word. ",Pet,30,TikTok,gemini
-29_13-53-22\TikTok41.jpeg14:01:41,"I am a Pet lover, and I am scrolling on TikTok to find Pet videos, based on this screenshot, please help me decide whether to stay on the video or not. Please include yes or no in your answer, just respond in one word. ",Pet,0,TikTok,gemini
-29_13-53-22\TikTok42.jpeg14:02:16,"I am a Pet lover, and I am scrolling on TikTok to find Pet videos, based on this screenshot, please help me decide whether to stay on the video or not. Please include yes or no in your answer, just respond in one word. ",Pet,30,TikTok,gemini
-29_13-53-22\TikTok43.jpeg14:02:50,"I am a Pet lover, and I am scrolling on TikTok to find Pet videos, based on this screenshot, please help me decide whether to stay on the video or not. Please include yes or no in your answer, just respond in one word. ",Pet,30,TikTok,gemini
-29_13-53-22\TikTok44.jpeg14:02:55,"I am a Pet lover, and I am scrolling on TikTok to find Pet videos, based on this screenshot, please help me decide whether to stay on the video or not. Please include yes or no in your answer, just respond in one word. ",Pet,0,TikTok,gemini
-29_13-53-22\TikTok45.jpeg14:03:29,"I am a Pet lover, and I am scrolling on TikTok to find Pet videos, based on this screenshot, please help me decide whether to stay on the video or not. Please include yes or no in your answer, just respond in one word. ",Pet,30,TikTok,gemini
-29_13-53-22\TikTok46.jpeg14:03:34,"I am a Pet lover, and I am scrolling on TikTok to find Pet videos, based on this screenshot, please help me decide whether to stay on the video or not. Please include yes or no in your answer, just respond in one word. ",Pet,0,TikTok,gemini
-29_13-53-22\TikTok47.jpeg14:03:38,"I am a Pet lover, and I am scrolling on TikTok to find Pet videos, based on this screenshot, please help me decide whether to stay on the video or not. Please include yes or no in your answer, just respond in one word. ",Pet,0,TikTok,gemini
-29_13-53-22\TikTok48.jpeg14:04:35,"I am a Pet lover, and I am scrolling on TikTok to find Pet videos, based on this screenshot, please help me decide whether to stay on the video or not. Please include yes or no in your answer, just respond in one word. ",Pet,0,TikTok,gemini
-29_13-53-22\TikTok49.jpeg14:05:12,"I am a Pet lover, and I am scrolling on TikTok to find Pet videos, based on this screenshot, please help me decide whether to stay on the video or not. Please include yes or no in your answer, just respond in one word. ",Pet,30,TikTok,gemini
-29_13-53-22\TikTok50.jpeg14:05:47,"I am a Pet lover, and I am scrolling on TikTok to find Pet videos, based on this screenshot, please help me decide whether to stay on the video or not. Please include yes or no in your answer, just respond in one word. ",Pet,30,TikTok,gemini
-29_13-53-22\TikTok51.jpeg14:06:22,"I am a Pet lover, and I am scrolling on TikTok to find Pet videos, based on this screenshot, please help me decide whether to stay on the video or not. Please include yes or no in your answer, just respond in one word. ",Pet,30,TikTok,gemini
-29_13-53-22\TikTok52.jpeg14:06:26,"I am a Pet lover, and I am scrolling on TikTok to find Pet videos, based on this screenshot, please help me decide whether to stay on the video or not. Please include yes or no in your answer, just respond in one word. ",Pet,0,TikTok,gemini
-29_13-53-22\TikTok53.jpeg14:06:31,"I am a Pet lover, and I am scrolling on TikTok to find Pet videos, based on this screenshot, please help me decide whether to stay on the video or not. Please include yes or no in your answer, just respond in one word. ",Pet,0,TikTok,gemini
-29_13-53-22\TikTok54.jpeg14:07:06,"I am a Pet lover, and I am scrolling on TikTok to find Pet videos, based on this screenshot, please help me decide whether to stay on the video or not. Please include yes or no in your answer, just respond in one word. ",Pet,30,TikTok,gemini
-29_13-53-22\TikTok55.jpeg14:07:10,"I am a Pet lover, and I am scrolling on TikTok to find Pet videos, based on this screenshot, please help me decide whether to stay on the video or not. Please include yes or no in your answer, just respond in one word. ",Pet,0,TikTok,gemini
-29_13-53-22\TikTok56.jpeg14:07:15,"I am a Pet lover, and I am scrolling on TikTok to find Pet videos, based on this screenshot, please help me decide whether to stay on the video or not. Please include yes or no in your answer, just respond in one word. ",Pet,0,TikTok,gemini
-29_13-53-22\TikTok57.jpeg14:07:19,"I am a Pet lover, and I am scrolling on TikTok to find Pet videos, based on this screenshot, please help me decide whether to stay on the video or not. Please include yes or no in your answer, just respond in one word. ",Pet,0,TikTok,gemini
-29_13-53-22\TikTok58.jpeg14:07:24,"I am a Pet lover, and I am scrolling on TikTok to find Pet videos, based on this screenshot, please help me decide whether to stay on the video or not. Please include yes or no in your answer, just respond in one word. ",Pet,0,TikTok,gemini
-29_13-53-22\TikTok59.jpeg14:07:58,"I am a Pet lover, and I am scrolling on TikTok to find Pet videos, based on this screenshot, please help me decide whether to stay on the video or not. Please include yes or no in your answer, just respond in one word. ",Pet,30,TikTok,gemini
-29_13-53-22\TikTok60.jpeg14:08:03,"I am a Pet lover, and I am scrolling on TikTok to find Pet videos, based on this screenshot, please help me decide whether to stay on the video or not. Please include yes or no in your answer, just respond in one word. ",Pet,0,TikTok,gemini
-29_13-53-22\TikTok61.jpeg14:08:04,n,Pet,0,TikTok,gemini
-29_13-53-22\TikTok62.jpeg14:08:09,"I am a Pet lover, and I am scrolling on TikTok to find Pet videos, based on this screenshot, please help me decide whether to stay on the video or not. Please include yes or no in your answer, just respond in one word. ",Pet,0,TikTok,gemini
-29_13-53-22\TikTok63.jpeg14:08:14,"I am a Pet lover, and I am scrolling on TikTok to find Pet videos, based on this screenshot, please help me decide whether to stay on the video or not. Please include yes or no in your answer, just respond in one word. ",Pet,0,TikTok,gemini
-29_13-53-22\TikTok64.jpeg14:08:18,"I am a Pet lover, and I am scrolling on TikTok to find Pet videos, based on this screenshot, please help me decide whether to stay on the video or not. Please include yes or no in your answer, just respond in one word. ",Pet,0,TikTok,gemini
-29_13-53-22\TikTok65.jpeg14:08:23,"I am a Pet lover, and I am scrolling on TikTok to find Pet videos, based on this screenshot, please help me decide whether to stay on the video or not. Please include yes or no in your answer, just respond in one word. ",Pet,0,TikTok,gemini
-29_13-53-22\TikTok66.jpeg14:08:27,"I am a Pet lover, and I am scrolling on TikTok to find Pet videos, based on this screenshot, please help me decide whether to stay on the video or not. Please include yes or no in your answer, just respond in one word. ",Pet,0,TikTok,gemini
-29_13-53-22\TikTok67.jpeg14:08:32,"I am a Pet lover, and I am scrolling on TikTok to find Pet videos, based on this screenshot, please help me decide whether to stay on the video or not. Please include yes or no in your answer, just respond in one word. ",Pet,0,TikTok,gemini
-29_13-53-22\TikTok68.jpeg14:09:06,"I am a Pet lover, and I am scrolling on TikTok to find Pet videos, based on this screenshot, please help me decide whether to stay on the video or not. Please include yes or no in your answer, just respond in one word. ",Pet,30,TikTok,gemini
-29_13-53-22\TikTok69.jpeg14:09:14,"I am a Pet lover, and I am scrolling on TikTok to find Pet videos, based on this screenshot, please help me decide whether to stay on the video or not. Please include yes or no in your answer, just respond in one word. ",Pet,0,TikTok,gemini
-29_13-53-22\TikTok70.jpeg14:09:19,"I am a Pet lover, and I am scrolling on TikTok to find Pet videos, based on this screenshot, please help me decide whether to stay on the video or not. Please include yes or no in your answer, just respond in one word. ",Pet,0,TikTok,gemini
-29_13-53-22\TikTok71.jpeg14:09:23,"I am a Pet lover, and I am scrolling on TikTok to find Pet videos, based on this screenshot, please help me decide whether to stay on the video or not. Please include yes or no in your answer, just respond in one word. ",Pet,0,TikTok,gemini
-29_13-53-22\TikTok72.jpeg14:09:31,"I am a Pet lover, and I am scrolling on TikTok to find Pet videos, based on this screenshot, please help me decide whether to stay on the video or not. Please include yes or no in your answer, just respond in one word. ",Pet,0,TikTok,gemini
-29_13-53-22\TikTok73.jpeg14:09:36,"I am a Pet lover, and I am scrolling on TikTok to find Pet videos, based on this screenshot, please help me decide whether to stay on the video or not. Please include yes or no in your answer, just respond in one word. ",Pet,0,TikTok,gemini
-29_13-53-22\TikTok74.jpeg14:10:10,"I am a Pet lover, and I am scrolling on TikTok to find Pet videos, based on this screenshot, please help me decide whether to stay on the video or not. Please include yes or no in your answer, just respond in one word. ",Pet,30,TikTok,gemini
-29_13-53-22\TikTok75.jpeg14:10:15,"I am a Pet lover, and I am scrolling on TikTok to find Pet videos, based on this screenshot, please help me decide whether to stay on the video or not. Please include yes or no in your answer, just respond in one word. ",Pet,0,TikTok,gemini
-29_13-53-22\TikTok76.jpeg14:10:21,"I am a Pet lover, and I am scrolling on TikTok to find Pet videos, based on this screenshot, please help me decide whether to stay on the video or not. Please include yes or no in your answer, just respond in one word. ",Pet,0,TikTok,gemini
-29_13-53-22\TikTok77.jpeg14:10:56,"I am a Pet lover, and I am scrolling on TikTok to find Pet videos, based on this screenshot, please help me decide whether to stay on the video or not. Please include yes or no in your answer, just respond in one word. ",Pet,30,TikTok,gemini
-29_13-53-22\TikTok78.jpeg14:11:31,"I am a Pet lover, and I am scrolling on TikTok to find Pet videos, based on this screenshot, please help me decide whether to stay on the video or not. Please include yes or no in your answer, just respond in one word. ",Pet,30,TikTok,gemini
-29_13-53-22\TikTok79.jpeg14:11:35,"I am a Pet lover, and I am scrolling on TikTok to find Pet videos, based on this screenshot, please help me decide whether to stay on the video or not. Please include yes or no in your answer, just respond in one word. ",Pet,0,TikTok,gemini
-29_13-53-22\TikTok80.jpeg14:12:10,"I am a Pet lover, and I am scrolling on TikTok to find Pet videos, based on this screenshot, please help me decide whether to stay on the video or not. Please include yes or no in your answer, just respond in one word. ",Pet,30,TikTok,gemini
-29_13-53-22\TikTok81.jpeg14:12:14,"I am a Pet lover, and I am scrolling on TikTok to find Pet videos, based on this screenshot, please help me decide whether to stay on the video or not. Please include yes or no in your answer, just respond in one word. ",Pet,0,TikTok,gemini
-29_13-53-22\TikTok82.jpeg14:12:49,"I am a Pet lover, and I am scrolling on TikTok to find Pet videos, based on this screenshot, please help me decide whether to stay on the video or not. Please include yes or no in your answer, just respond in one word. ",Pet,30,TikTok,gemini
-29_13-53-22\TikTok83.jpeg14:12:54,"I am a Pet lover, and I am scrolling on TikTok to find Pet videos, based on this screenshot, please help me decide whether to stay on the video or not. Please include yes or no in your answer, just respond in one word. ",Pet,0,TikTok,gemini
-29_13-53-22\TikTok84.jpeg14:12:58,"I am a Pet lover, and I am scrolling on TikTok to find Pet videos, based on this screenshot, please help me decide whether to stay on the video or not. Please include yes or no in your answer, just respond in one word. ",Pet,0,TikTok,gemini
-29_13-53-22\TikTok85.jpeg14:13:03,"I am a Pet lover, and I am scrolling on TikTok to find Pet videos, based on this screenshot, please help me decide whether to stay on the video or not. Please include yes or no in your answer, just respond in one word. ",Pet,0,TikTok,gemini
-29_13-53-22\TikTok86.jpeg14:13:07,"I am a Pet lover, and I am scrolling on TikTok to find Pet videos, based on this screenshot, please help me decide whether to stay on the video or not. Please include yes or no in your answer, just respond in one word. ",Pet,0,TikTok,gemini
-29_13-53-22\TikTok87.jpeg14:13:12,"I am a Pet lover, and I am scrolling on TikTok to find Pet videos, based on this screenshot, please help me decide whether to stay on the video or not. Please include yes or no in your answer, just respond in one word. ",Pet,0,TikTok,gemini
-29_13-53-22\TikTok88.jpeg14:13:47,"I am a Pet lover, and I am scrolling on TikTok to find Pet videos, based on this screenshot, please help me decide whether to stay on the video or not. Please include yes or no in your answer, just respond in one word. ",Pet,30,TikTok,gemini
-29_13-53-22\TikTok89.jpeg14:14:22,"I am a Pet lover, and I am scrolling on TikTok to find Pet videos, based on this screenshot, please help me decide whether to stay on the video or not. Please include yes or no in your answer, just respond in one word. ",Pet,30,TikTok,gemini
-29_13-53-22\TikTok90.jpeg14:14:28,"I am a Pet lover, and I am scrolling on TikTok to find Pet videos, based on this screenshot, please help me decide whether to stay on the video or not. Please include yes or no in your answer, just respond in one word. ",Pet,0,TikTok,gemini
-29_13-53-22\TikTok91.jpeg14:14:32,"I am a Pet lover, and I am scrolling on TikTok to find Pet videos, based on this screenshot, please help me decide whether to stay on the video or not. Please include yes or no in your answer, just respond in one word. ",Pet,0,TikTok,gemini
-29_13-53-22\TikTok92.jpeg14:15:07,"I am a Pet lover, and I am scrolling on TikTok to find Pet videos, based on this screenshot, please help me decide whether to stay on the video or not. Please include yes or no in your answer, just respond in one word. ",Pet,30,TikTok,gemini
-29_13-53-22\TikTok93.jpeg14:15:11,"I am a Pet lover, and I am scrolling on TikTok to find Pet videos, based on this screenshot, please help me decide whether to stay on the video or not. Please include yes or no in your answer, just respond in one word. ",Pet,0,TikTok,gemini
-29_13-53-22\TikTok94.jpeg14:15:16,"I am a Pet lover, and I am scrolling on TikTok to find Pet videos, based on this screenshot, please help me decide whether to stay on the video or not. Please include yes or no in your answer, just respond in one word. ",Pet,0,TikTok,gemini
-29_13-53-22\TikTok95.jpeg14:15:20,"I am a Pet lover, and I am scrolling on TikTok to find Pet videos, based on this screenshot, please help me decide whether to stay on the video or not. Please include yes or no in your answer, just respond in one word. ",Pet,0,TikTok,gemini
-29_13-53-22\TikTok96.jpeg14:15:26,"I am a Pet lover, and I am scrolling on TikTok to find Pet videos, based on this screenshot, please help me decide whether to stay on the video or not. Please include yes or no in your answer, just respond in one word. ",Pet,0,TikTok,gemini
-29_13-53-22\TikTok97.jpeg14:16:02,"I am a Pet lover, and I am scrolling on TikTok to find Pet videos, based on this screenshot, please help me decide whether to stay on the video or not. Please include yes or no in your answer, just respond in one word. ",Pet,30,TikTok,gemini
-29_13-53-22\TikTok98.jpeg14:16:07,"I am a Pet lover, and I am scrolling on TikTok to find Pet videos, based on this screenshot, please help me decide whether to stay on the video or not. Please include yes or no in your answer, just respond in one word. ",Pet,0,TikTok,gemini
-29_13-53-22\TikTok99.jpeg14:16:14,"I am a Pet lover, and I am scrolling on TikTok to find Pet videos, based on this screenshot, please help me decide whether to stay on the video or not. Please include yes or no in your answer, just respond in one word. ",Pet,0,TikTok,gemini
-29_13-53-22\TikTok100.jpeg14:16:19,"I am a Pet lover, and I am scrolling on TikTok to find Pet videos, based on this screenshot, please help me decide whether to stay on the video or not. Please include yes or no in your answer, just respond in one word. ",Pet,0,TikTok,gemini
